{
    "data" : {

        "commonImagePath" : "assets/images/",
        

        "dragData" : [
            {
                "id" : 1,
                "text" : "External and data storage devices inside the company premises",
                "category" : "non-permissible",
                "bgImage" : "note_1.png"
            },
            {
                "id" : 2,
                "text" : "Deleting business related emails in your mailbox",
                "category" : "non-permissible",
                "bgImage" : "note_2.png"
            },
            {
                "id" : 3,
                "text" : "Local hard disk is utilized for operating system access",
                "category" : "permissible",
                "bgImage" : "note_3.png"
            },
            {
                "id" : 4,
                "text" : "File transfer protocol is used for official purposes",
                "category" : "permissible",
                "bgImage" : "note_4.png"
            },
            {
                "id" : 5,
                "text" : "Uploading confidential documents in file transfer protocol site",
                "category" : "non-permissible",
                "bgImage" : "note_5.png"
            },
            {
                "id" : 6,
                "text" : "Attaching or detaching hardware devices from the system",
                "category" : "non-permissible",
                "bgImage" : "note_6.png"
            },
            {
                "id" : 7,
                "text" : "Email facility is used for business communication",
                "category" : "permissible",
                "bgImage" : "note_7.png"
            },
            {
                "id" : 8,
                "text" : "Spam email from unauthorized personnel is intimated to IT department",
                "category" : "permissible",
                "bgImage" : "note_8.png"
            }

        ],
        "dropData" : [
            {
                "id" : 1,
                "type" : "permissible",
                "image" : "bin_permissible.png"
            },
            {
                "id" : 2,
                "type" : "non-permissible",
                "image" : "bin_nonpermissible.png"
            }
        ]
    }
}